{"stars": [{"mass": 2e+30, "radius": 700000.0, "x": 0.0, "y": 0.0}], "planets": [{"mass": 6e+24, "radius": 6000.0, "x": 149999736.3303654, "y": 298308.8480343092}], "rocks": []}