Name,Mass (kg),Radius(km),"Position (km,km)"
Star0,2e+30,700000.0,"(0.0, 0.0)"
Planet0,6e+24,6000.0,"(149992749.43393576, 1491514.4110297826)"
Planet1,6.6e+25,66000.0,"(-199997404.33231983, -1033399.6420692537)"
